Date,Return
08/19/2014,-0.23790982010746828
08/18/2014,-0.1546968599828846
08/15/2014,0.5416074690481023
08/14/2014,-0.31531406336853807
08/13/2014,-0.06666666666666667
08/12/2014,0.2694492467275871
08/11/2014,-0.18732856091523384
08/08/2014,0.3454856422720317
08/07/2014,-0.16742861425466538
08/06/2014,-0.13982723053120166
08/05/2014,0.08680725846002943
08/04/2014,-0.2699979541734861
08/01/2014,-0.07014790507442811
07/31/2014,1.0687721369539551
07/30/2014,-0.24699955548970218
07/29/2014,0.36785569517632755
07/28/2014,0.05834405834405834
07/25/2014,-0.09921746691140952
07/24/2014,-0.16057091882247992
07/23/2014,-0.2742628450356071
07/22/2014,-0.17603413995441541
07/21/2014,-0.48628584240552053
07/18/2014,0.33071440411072434
07/17/2014,1.1591153102855916
07/16/2014,-0.13918669131238448
07/15/2014,-0.12459546925566344
07/14/2014,0.14324474317074676
07/11/2014,0.19532689614505785
07/10/2014,0.21491895764305544
07/09/2014,-0.4151872217858078
07/08/2014,0.7936314108585384
07/07/2014,0.4908276151799468
07/03/2014,-0.32396099592918676
07/02/2014,-0.2704606671731473
07/01/2014,0.10215422090279364
06/30/2014,-0.4127140238723233
06/27/2014,0.2841724553648315
06/26/2014,-0.11547250291981923
06/25/2014,-0.10774319242444837
06/24/2014,0.43616605934409164
06/23/2014,-0.6591176274870794
06/20/2014,0.8350293064148486
06/19/2014,0.41057587414594937
06/18/2014,0.20574593284873657
06/17/2014,-0.1515418502202643
06/16/2014,0.39492011470708727
06/13/2014,-0.16312397147558969
06/12/2014,0.32569766384874105
06/11/2014,-0.18613597691795516
06/10/2014,-0.07890971039182283
06/09/2014,-0.15500662175390106
06/06/2014,0.02818068794032325
06/05/2014,-0.0700836820083682
06/04/2014,-0.026893817636344155
06/03/2014,0.30076655052264806
06/02/2014,-0.18976907006944838
05/30/2014,0.3079536223321764
05/29/2014,-0.1803268765133172
05/28/2014,-0.21486621358300462
05/27/2014,0.08902230733398893
05/23/2014,0.1957544250526055
05/22/2014,0.35077746196288245
05/21/2014,-0.32974729646439177
05/20/2014,0.3968067621507396
05/19/2014,-0.1397118233234581
05/16/2014,-0.12855717890042834
05/15/2014,0.430141814214987
05/14/2014,-0.27924277246885204
05/13/2014,-0.13547712418300653
05/12/2014,-0.2159957366565549
05/09/2014,0.20684707861277396
05/08/2014,-0.3731042396799305
05/07/2014,0.9089994079336886
05/06/2014,0.6492530026364612
05/05/2014,-0.393485342019544
05/02/2014,-0.11388087116242455
05/01/2014,0.0881731483067786
04/30/2014,-0.3512041496850685
04/29/2014,-0.19082596312396943
04/28/2014,0.5881064609817646
04/25/2014,0.11534172375338538
04/24/2014,-0.08244408712176582
04/23/2014,-0.13232993700587664
04/22/2014,-0.07846651342190361
04/21/2014,-0.6230707100374476
04/17/2014,0.3916251124008829
04/16/2014,0.2693125810635538
04/15/2014,0.4970873786407767
04/14/2014,-0.3439156135344476
04/11/2014,-0.027744748315497423
04/10/2014,0.21196109042872582
04/09/2014,0.05699416095455699
04/08/2014,-0.2840785169029444
04/07/2014,-0.30893504780745135
04/04/2014,0.2491027828440313
04/03/2014,33.664174031271244
04/02/2014,17.620253164556964
04/01/2014,-0.26851851851851855
03/31/2014,-0.7378640776699029
03/28/2014,2.145038167938931
03/27/2014,-0.9974706518381217
03/26/2014,0.07043650793650794
03/25/2014,-0.2064033591392206
03/24/2014,-0.05343890700201832
03/21/2014,0.9045506963541204
03/20/2014,0.0445055284452406
03/19/2014,-0.11134897763139838
03/18/2014,-0.1605418980254821
03/17/2014,-0.05746053117331538
03/14/2014,-0.02202353141061037
03/13/2014,0.19410630959626698
03/12/2014,0.14667907409561476
03/11/2014,0.41038471003199084
03/10/2014,-0.1983560743054414
03/07/2014,0.19480672532998114
03/06/2014,0.02657579545912812
03/05/2014,-0.15836812273020398
03/04/2014,-0.30270039997159964
03/03/2014,-0.09025729357304338
02/28/2014,0.8362062149126275
02/27/2014,-0.36432861702395014
02/26/2014,0.3777570028738617
02/25/2014,-0.14072773794293536
02/24/2014,-0.10094957870803799
02/21/2014,0.09495357760009372
02/20/2014,-0.19147978877074995
02/19/2014,-0.0025038384315578125
02/18/2014,-0.035583297264049935
02/14/2014,0.19078233506944445
02/13/2014,0.06487954243457161
02/12/2014,-0.15912458403167432
02/11/2014,0.05431776275353411
02/10/2014,-0.2621315192743764
02/07/2014,0.35428395946360935
02/06/2014,-0.18706831988016975
02/05/2014,-0.14845521541950113
02/04/2014,-0.384588548253456
02/03/2014,-0.17914481573624957
01/31/2014,0.09328036944270507
01/30/2014,1.1393615907901622
01/29/2014,0.07676530911221799
01/28/2014,-0.49233392068468385
01/27/2014,0.11847965190683389
01/24/2014,0.9970864109182918
01/23/2014,0.24035504834363608
01/22/2014,-0.20631525978110454
01/21/2014,-0.2670760492734381
01/17/2014,0.604236310386652
01/16/2014,-0.13657726692209451
01/15/2014,-0.21443907137267493
01/14/2014,0.02633963507557972
01/13/2014,0.12849473610820608
01/10/2014,0.02829489783725654
01/09/2014,-0.0704622698091832
01/08/2014,-0.12149952188591613
01/07/2014,0.44273326200799595
01/06/2014,0.06156972921274434
01/03/2014,-0.08494694234766437
01/02/2014,0.34135514875820827
12/31/2013,0.098577358642647
12/30/2013,-0.21256069309130146
12/27/2013,0.17337553528207036
12/26/2013,0.822160401682725
12/24/2013,-0.5735532407407408
12/23/2013,-0.47217300995784717
12/20/2013,0.9581314671930139
12/19/2013,-0.24639967546370378
12/18/2013,0.4393084209160503
12/17/2013,-0.04141791044776119
12/16/2013,-0.259139809716879
12/13/2013,0.3544995007488767
12/12/2013,-0.0673961122104528
12/11/2013,-0.07663370593293208
12/10/2013,0.25045359854848465
12/09/2013,0.037654277944355344
12/06/2013,0.2603040688988488
12/05/2013,-0.04857859531772575
12/04/2013,-0.2890896662406752
12/03/2013,0.22059783791627366
12/02/2013,0.1512696291346475
11/29/2013,0.06158279760585236
11/27/2013,-0.5085628377200627
11/26/2013,0.41741815935762816
11/25/2013,0.2860944512849029
11/22/2013,0.1487429848975681
11/21/2013,0.13295425174463685
11/20/2013,-0.14839760521218526
11/19/2013,-0.35694267515923567
11/18/2013,0.3787518051598298
11/15/2013,0.0939327953545963
11/14/2013,-0.2612837091941334
11/13/2013,0.296621953214461
11/12/2013,0.09478397134542198
11/11/2013,-0.13801088340859094
11/08/2013,-0.23151525936471215
11/07/2013,0.8398450289206592
11/06/2013,-0.22724014336917564
11/05/2013,0.03740157480314961
11/04/2013,-0.11261208804006055
11/01/2013,-0.2175141242937853
10/31/2013,0.23860045146726863
10/30/2013,-0.1750465549348231
10/29/2013,0.38521066208082544
10/28/2013,-0.42935649272588994
10/25/2013,-0.029430673619544254
10/24/2013,-0.21446607934459347
10/23/2013,0.20583260031125244
10/22/2013,-0.39128464928539064
10/21/2013,-0.686309723765472
10/18/2013,1.7173083674663545
10/17/2013,1.1202421716043869
10/16/2013,0.26117161096507696
10/15/2013,0.2800833199807723
10/14/2013,-0.11734964466287169
10/11/2013,-0.3752926624552723
10/10/2013,-0.14936870584698633
10/09/2013,0.3640883694705008
10/08/2013,0.5025415896487985
10/07/2013,-0.047430395069880046
10/04/2013,-0.35853451927149516
10/03/2013,0.4157977146283773
10/02/2013,-0.11247449809290086
10/01/2013,-0.021835955576122165
09/30/2013,0.36826276216857934
09/27/2013,-0.000869840265696663
09/26/2013,-0.23593740559482812
09/25/2013,0.10909334584198888
09/24/2013,-0.16350896860986547
09/23/2013,-0.5909664106385418
09/20/2013,1.7194787379972565
09/19/2013,-0.174107832535146
09/18/2013,0.5361917569812514
09/17/2013,-0.057661485705766145
09/16/2013,0.008381568067353228
09/13/2013,0.20985857850939021
09/12/2013,-0.3198379314610912
09/11/2013,0.25089952412272215
09/10/2013,0.042932655449299924
09/09/2013,-0.20942324869210158
09/06/2013,0.2093669225724316
09/05/2013,-0.36741019133151115
09/04/2013,-0.003114052160373686
09/03/2013,0.09989028926172701
08/30/2013,0.2591307277628032
08/29/2013,0.11173540098138368
08/28/2013,-0.23308724253827814
08/27/2013,0.6476240060583113
08/26/2013,-0.022847100175746926
08/23/2013,0.238231588592372
08/22/2013,-0.5050032599143918
08/21/2013,0.4252757464344875
08/20/2013,-0.3191483508926361
08/19/2013,0.08106581021203199
08/16/2013,-0.10382965114729632
08/15/2013,-0.102299098064547
08/14/2013,0.46652866465511195
08/13/2013,0.03111207582664062
08/12/2013,0.040267951226855336
08/09/2013,-0.1104117843990626
08/08/2013,0.07888463483348986
08/07/2013,-0.08427598068399815
08/06/2013,0.14997527671066144
08/05/2013,-0.23586002441434634
08/02/2013,-0.19849977869406202
08/01/2013,-0.016157865786578657
07/31/2013,0.23803308458417274
07/30/2013,-0.07201537732371373
07/29/2013,0.06422686767920192
07/26/2013,-0.40766191946353286
07/25/2013,0.44388256440982626
07/24/2013,0.01604733843081868
07/23/2013,-0.29537928312829226
07/22/2013,-0.6055084372905907
07/19/2013,1.0248763037787312
07/18/2013,1.4132102930475623
07/17/2013,-0.24048534177405984
07/16/2013,0.011459497916454925
07/15/2013,-0.23663589106990457
07/12/2013,-0.006187713244790562
07/11/2013,0.5126694853477183
07/10/2013,-0.136907008934189
07/09/2013,0.005007967220578192
07/08/2013,0.1572369383872384
07/05/2013,0.6255888090593329
07/03/2013,-0.4464840663681854
07/02/2013,0.09663817005545286
07/01/2013,-0.2658340578019974
06/28/2013,0.2194812918573682
06/27/2013,0.051925796975301926
06/26/2013,-0.2827236367183689
06/25/2013,-0.1536911975958919
06/24/2013,-0.2424227261924121
06/21/2013,0.18098150446138392
06/20/2013,0.15641656416564165
06/19/2013,0.3456551724137931
06/18/2013,0.009632122548450736
06/17/2013,-0.04397896465262831
06/14/2013,0.0845927993839045
06/13/2013,-0.06120512414992883
06/12/2013,0.2544568205651447
06/11/2013,-0.24817813765182187
06/10/2013,-0.12594054980257766
06/07/2013,0.03704562135434774
06/06/2013,0.2241742132267751
06/05/2013,0.12748260510250325
06/04/2013,-0.2452363226624278
06/03/2013,0.2570886556216011
05/31/2013,-0.0713379686178709
05/30/2013,0.05329308723835915
05/29/2013,-0.10814448685981597
05/28/2013,-0.017090680373912856
05/24/2013,0.009524435102469784
05/23/2013,-0.11149154718596191
05/22/2013,0.2913055492752531
05/21/2013,-0.1274795607478684
05/20/2013,-0.18600128461318868
05/17/2013,-0.13012167866898436
05/16/2013,-0.1947610477904419
05/15/2013,1.5239251805822793
05/14/2013,0.09031193039171855
05/13/2013,-0.23672397952487204
05/10/2013,-0.13765392973560303
05/09/2013,-0.1084561049445005
05/08/2013,0.2599806743630168
05/07/2013,-0.08512271722693963
05/06/2013,-0.14779936558287074
05/03/2013,0.24494027051041564
05/02/2013,0.38715420432758146
05/01/2013,-0.3692394074202047
04/30/2013,0.0025547761323287434
04/29/2013,-0.07511163619615932
04/26/2013,0.2487247449489898
04/25/2013,0.08916607658369193
04/24/2013,-0.20206015299026425
04/23/2013,-0.2050170170861911
04/22/2013,-0.5031416848357911
04/19/2013,0.7466490749347806
04/18/2013,0.6311168716832555
04/17/2013,0.16934999571048642
04/16/2013,-0.2898974515179206
04/15/2013,0.49885862121442703
04/12/2013,-0.1932473910374463
04/11/2013,0.025327928699111258
04/10/2013,-0.08285034751887685
04/09/2013,-0.23826359207077902
04/08/2013,-0.17525459134824614
04/05/2013,0.4029796067895958
04/04/2013,0.4078913435915069
04/03/2013,-0.14843101849592505
04/02/2013,0.1295719522615143
04/01/2013,-0.21001175804555153
03/28/2013,0.05759355210132412
03/27/2013,0.8149711610799967
03/26/2013,-0.30382914338919925
03/25/2013,0.1504318136171922
03/22/2013,0.007147191693075315
03/21/2013,0.009426578186149396
03/20/2013,-0.30235042735042733
03/19/2013,0.1413706202747744
03/18/2013,-0.40694254720771394
03/15/2013,0.8772437928017619
03/14/2013,0.006039820322933107
03/13/2013,-0.1827562258160532
03/12/2013,0.25940272397850805
03/11/2013,-0.4523744354728343
03/08/2013,0.41859392821607977
03/07/2013,-0.28551860457051703
03/06/2013,-0.289589081592432
03/05/2013,0.45702543118146416
03/04/2013,0.275910235859858
03/01/2013,-0.03990326481257558
02/28/2013,0.11830944361124088
02/27/2013,-0.08010856044328847
02/26/2013,-0.044
02/25/2013,0.12172879629405059
02/22/2013,-0.4142491831226026
02/21/2013,0.2685168498828618
02/20/2013,-0.057174411689745984
02/19/2013,0.0739963503649635
02/15/2013,0.5731304722262093
02/14/2013,0.44832030600365874
02/13/2013,-0.3555025590181945
02/12/2013,-0.14244680362148995
02/11/2013,-0.2822009995546539
02/08/2013,0.06333309948084748
02/07/2013,0.3667329865522449
02/06/2013,0.11088328495726041
02/05/2013,-0.38475023346494747
02/04/2013,-0.18834855919469157
02/01/2013,1.2923639689071789
01/31/2013,-0.057029520825548304
01/30/2013,-0.008069114963503649
01/29/2013,0.07375317637694027
01/28/2013,-0.2690224688926685
01/25/2013,-0.3419727270049775
01/24/2013,-0.42755260318316696
01/23/2013,0.5581563357896258
01/22/2013,0.17527826234620314
01/18/2013,0.45910575515260726
01/17/2013,0.09296142199463306
01/16/2013,-0.4848377236927213
01/15/2013,0.37144298337159953
01/14/2013,1.2284584673824568
01/11/2013,-0.29989145183175037
01/10/2013,-0.09336941813261164
01/09/2013,0.20798288108895296
01/08/2013,0.012305192851555449
01/07/2013,-0.40085802869709425
01/04/2013,0.19208371833165008
01/03/2013,-0.08777810447907478
01/02/2013,0.27232142857142855
12/31/2012,0.424622490673299
12/28/2012,-0.14892651950408226
12/27/2012,0.39330103223088264
12/26/2012,0.40610189573459715
12/24/2012,-0.761524659875959
12/21/2012,1.1279160654160654
12/20/2012,-0.13633649227573671
12/19/2012,-0.361520481408418
12/18/2012,-0.010027242590343651
12/17/2012,0.42499006103692616
12/14/2012,-0.3816643771238522
12/13/2012,0.4199913759471058
12/12/2012,-0.09732725385527877
12/11/2012,0.9664674150750838
12/10/2012,-0.28791300059695296
12/07/2012,0.31251916198262647
12/06/2012,-0.21483403322010325
12/05/2012,-0.06490420689310189
12/04/2012,-0.09158657669324972
12/03/2012,-0.3069692007306166
11/30/2012,0.1394226456393419
11/29/2012,-0.08728118296297509
11/28/2012,0.21258513532296816
11/27/2012,0.13792168470524438
11/26/2012,1.3899449184577168
11/23/2012,-0.5632753172020187
11/21/2012,0.011280974981516373
11/20/2012,-0.11804547653604257
11/19/2012,-0.311199652274703
11/16/2012,0.8596254883470295
11/15/2012,0.10817508658784188
11/14/2012,0.0465595900256234
11/13/2012,0.13389788470396485
11/12/2012,-0.5485403503159242
11/09/2012,0.19914449580879673
11/08/2012,0.16337141837007943
11/07/2012,0.41037988228999467
11/06/2012,-0.0324614026005664
11/05/2012,-0.29622168406163607
11/02/2012,0.13378690317093914
11/01/2012,0.3338627082388021
10/31/2012,-0.21214442571880904
10/26/2012,-0.18752722972552438
10/25/2012,-0.038211349668768456
10/24/2012,-0.1440478223740393
10/23/2012,-0.2808450531228889
10/22/2012,-0.6467957172109812
10/19/2012,-0.07716821670356595
10/18/2012,4.42655717047948
10/17/2012,0.11401810349000435
10/16/2012,-0.3182635669147128
10/15/2012,0.25573926736283775
10/12/2012,0.008525576730190571
10/11/2012,0.16864468864468865
10/10/2012,-0.32077161671283316
10/09/2012,0.5333689404344066
10/08/2012,-0.284112013400823
10/05/2012,0.11478271459597703
10/04/2012,0.1113442060860346
10/03/2012,-0.20854459758623153
10/02/2012,-0.11926663207383996
10/01/2012,0.1381606027524742
09/28/2012,-0.29194333215064117
09/27/2012,-0.30703710858608035
09/26/2012,-0.06365519963165164
09/25/2012,0.7000363422884459
09/24/2012,-0.4395807548293096
09/21/2012,1.187235500728176
09/20/2012,-0.06161068861842211
09/19/2012,0.49908411665461555
09/18/2012,0.3703018693440782
09/17/2012,-0.423989346523352
09/14/2012,-0.015249442664718334
09/13/2012,0.0063344833437022794
09/12/2012,0.410155523062608
09/11/2012,-0.26806250121616626
09/10/2012,-0.20816320241598743
09/07/2012,0.062261649508159156
09/06/2012,0.7817211513225044
09/05/2012,-0.09598755668037541
09/04/2012,-0.11166276346604216
08/31/2012,0.3074497075844331
08/30/2012,-0.4559462926252311
08/29/2012,0.4525722305570343
08/28/2012,-0.21237302025958185
08/27/2012,0.83214609958796
08/24/2012,-0.20043554736577604
08/23/2012,-0.06546469759432239
08/22/2012,-0.140865276843757
08/21/2012,0.26399002635083446
08/20/2012,-0.19267545063592278
08/17/2012,0.26779189142161125
08/16/2012,-0.2874736537587304
08/15/2012,-0.3416498884475159
08/14/2012,0.12051461845675436
08/13/2012,1.27800541704285
08/10/2012,0.34037700721433556
08/09/2012,-0.1905282194258157
08/08/2012,-0.33283060603775483
08/07/2012,0.11187814421464505
08/06/2012,-0.06047317700811386
08/03/2012,-0.04075464094103423
08/02/2012,0.07215965864592616
08/01/2012,-0.011268056927718886
07/31/2012,-0.14684374786431875
07/30/2012,-0.3839795674932289
07/27/2012,1.106447131159656
07/26/2012,-0.07560935621379386
07/25/2012,-0.09276612623332837
07/24/2012,-0.4358321678321678
07/23/2012,-0.44897424436258265
07/20/2012,0.3827136813614228
07/19/2012,2.0194986968692685
07/18/2012,-0.07851276425415839
07/17/2012,0.14870065733455945
07/16/2012,-0.2598129427483803
07/13/2012,-0.14451777087646653
07/12/2012,-0.33992910729283815
07/11/2012,0.8196347623364849
07/10/2012,0.12126052860877141
07/09/2012,-0.2066271862110284
07/06/2012,-0.07846343327953792
07/05/2012,0.9721919758773767
07/03/2012,-0.2814973068937502
07/02/2012,-0.34293566372731227
06/29/2012,0.31163610902206895
06/28/2012,0.13508183209702107
06/27/2012,0.2533480907581627
06/26/2012,-0.14627232353774922
06/25/2012,-0.2901126911725248
06/22/2012,0.10768773528829008
06/21/2012,-0.14290566358155726
06/20/2012,0.1302574437966362
06/19/2012,-0.1684821642327029
06/18/2012,-0.16803877307130527
06/15/2012,0.27991162474507136
06/14/2012,0.199898037216416
06/13/2012,-0.393897257628428
06/12/2012,0.21160217891840288
06/11/2012,0.8868011160950799
06/08/2012,-0.19795473216056203
06/07/2012,-0.16093839132915003
06/06/2012,-0.10431746572426126
06/05/2012,-0.038148868639295584
06/04/2012,-0.2044732598107091
06/01/2012,0.030190642411223736
05/31/2012,0.5567979935207441
05/30/2012,-0.2682712343956107
05/29/2012,-0.2725262499130798
05/25/2012,0.893931412316283
05/24/2012,-0.4049123027006693
05/23/2012,0.04134430189664741
05/22/2012,-0.0076452104052609415
05/21/2012,-0.48516056939383073
05/18/2012,0.7811130749922023
05/17/2012,-0.30635772642510534
05/16/2012,1.3001255953932558
05/15/2012,0.1522225862822193
05/14/2012,-0.13097949886104784
05/11/2012,0.3668915412558381
05/10/2012,-0.34049197860962566
05/09/2012,-0.13016782644289807
05/08/2012,0.34237474399320644
05/07/2012,-0.09647281836030058
05/04/2012,0.18171151230699487
05/03/2012,0.15916537867078825
05/02/2012,-0.19519355159717386
05/01/2012,-0.16823242147084386
04/30/2012,0.47115589515662576
04/27/2012,-0.21799266771413608
04/26/2012,0.1490234695552273
04/25/2012,-0.055983060476165886
04/24/2012,-0.12223758471406877
04/23/2012,-0.2814144013551151
04/20/2012,-0.0716834497565696
04/19/2012,0.2341711918490735
04/18/2012,-0.11720809172377437
04/17/2012,-0.46875300830510996
04/16/2012,-0.30238649059506584
04/13/2012,0.4173827263051323
04/12/2012,1.6179235665903995
04/11/2012,-0.114039136979428
04/10/2012,0.137141683403323
04/09/2012,-0.05867188003523321
04/05/2012,0.4246319591099685
04/04/2012,-0.20406820950060903
04/03/2012,-0.10476730492432502
04/02/2012,-0.011490288227305063
03/30/2012,0.2008335706334619
03/29/2012,-0.24207820746757705
03/28/2012,0.26487814562962225
03/27/2012,0.10337084805169912
03/26/2012,-0.06236520488856937
03/23/2012,-0.19502314814814814
03/22/2012,-0.024043892205906085
03/21/2012,0.6031561246927952
03/20/2012,-0.29102664037782566
03/19/2012,-0.28772984094843074
03/16/2012,0.2527463535380398
03/15/2012,-0.1708702952999644
03/14/2012,0.3077434953308342
03/13/2012,0.3456005253104107
03/12/2012,-0.37505362705414935
03/09/2012,0.984930948942945
03/08/2012,0.06401670343523479
03/07/2012,-0.6016633974107494
03/06/2012,0.9924024512256128
03/05/2012,0.01269670392299655
03/02/2012,-0.29690560997328586
03/01/2012,-0.28666709013529823
02/29/2012,0.10160240710936953
02/28/2012,0.5698788894076291
02/27/2012,-0.06287317274037471
02/24/2012,-0.058104865100719945
02/23/2012,0.04472357991237622
02/22/2012,-0.20710427501455794
02/21/2012,0.01295663493613213
02/17/2012,-0.03233806365264629
02/16/2012,0.04328630978048831
02/15/2012,0.3449418652821122
02/14/2012,-0.006911494473547078
02/13/2012,-0.21886582256785997
02/10/2012,0.026703033235818137
02/09/2012,0.23326280381944445
02/08/2012,-0.12222301592970926
02/07/2012,-0.43145112161046206
02/06/2012,0.16130300124200167
02/03/2012,0.31218797705986717
02/02/2012,0.0405048618713375
02/01/2012,0.08324226288743693
01/31/2012,-0.0807327291381669
01/30/2012,-0.355769760396585
01/27/2012,0.12128464448390334
01/26/2012,-0.35317147223026757
01/25/2012,0.632221570161711
01/24/2012,-0.10463707617532439
01/23/2012,-0.6773095074369577
01/20/2012,0.6773688950686533
01/19/2012,1.2831529581529582
01/18/2012,0.4464621164683782
01/17/2012,-0.1725031305324064
01/13/2012,0.23042184677505048
01/12/2012,-0.21864751546348957
01/11/2012,-0.45401178603807796
01/10/2012,-0.24508931626856478
01/09/2012,1.1622301559407313
01/06/2012,-0.17971867745019196
01/05/2012,0.14625874004243922
01/04/2012,-0.2210012871756656
01/03/2012,1.0628598580133042
12/30/2011,0.1313201581027668
12/29/2011,-0.2594023699124163
12/28/2011,0.3241751426445051
12/27/2011,0.10506476595161401
12/23/2011,-0.2022852769121426
12/22/2011,-0.2704610721123165
12/21/2011,0.04593049935338534
12/20/2011,0.11417880964001023
12/19/2011,-0.5193364611260054
12/16/2011,0.8514228987425546
12/15/2011,-0.38299772860679376
12/14/2011,-0.030903357447597847
12/13/2011,0.8445062840719874
12/12/2011,-0.21051304676667087
12/09/2011,0.1463399529334049
12/08/2011,0.06900584795321638
12/07/2011,-0.029719718219386335
12/06/2011,-0.27240294135975573
12/05/2011,-0.21740084614540534
12/02/2011,0.12844819283738976
12/01/2011,0.0658425351575675
11/30/2011,0.8544816708365061
11/29/2011,-0.3524802338481044
11/28/2011,0.8106427751562301
11/25/2011,-0.3282357728801217
11/23/2011,-0.03307376879426749
11/22/2011,-0.19857261410788382
11/21/2011,-0.08710738041485477
11/18/2011,-0.05886463131176294
11/17/2011,0.3391960278812184
11/16/2011,-0.025223380491437082
11/15/2011,-0.16078235330875462
11/14/2011,-0.19821636584541003
11/11/2011,0.3864923066235976
11/10/2011,-0.22705612306535833
11/09/2011,0.22499753346268953
11/08/2011,-0.09770174631671093
11/07/2011,0.1843709912664523
11/04/2011,0.0617968094038623
11/03/2011,0.25880777903043967
11/02/2011,-0.3213357774766877
11/01/2011,0.22178510915924982
10/31/2011,0.01986215663296721
10/28/2011,-0.3365617752477335
10/27/2011,0.3157639226021222
10/26/2011,0.130924135767368
10/25/2011,-0.2586708143152019
10/24/2011,0.010591570813685308
10/21/2011,0.0035528953886071473
10/20/2011,0.15264490475624054
10/19/2011,-0.22871559633027522
10/18/2011,-0.0517498508649831
10/17/2011,-0.5300988109976874
10/14/2011,0.4997416292248001
10/13/2011,0.7898045240073363
10/12/2011,0.11368516611092683
10/11/2011,0.22875774931891799
10/10/2011,-0.18687969859238457
10/07/2011,-0.16599749789066365
10/06/2011,-0.24476769097241297
10/05/2011,0.09024159449974248
10/04/2011,-0.07052837834828883
10/03/2011,0.6428349336991313
09/30/2011,-0.06296594628871104
09/29/2011,0.2842302189941675
09/28/2011,-0.24830005128799035
09/27/2011,0.14302193645990924
09/26/2011,-0.05153085932595555
09/23/2011,-0.3688458708326258
09/22/2011,0.7501089669929072
09/21/2011,-0.09526967681801071
09/20/2011,0.12586777526638682
09/19/2011,-0.3015926708949965
09/16/2011,0.19370089338290963
09/15/2011,0.09887407790863206
09/14/2011,0.14449851883199322
09/13/2011,-0.11839871658552055
09/12/2011,-0.1830691862237123
09/09/2011,0.37317680540732834
09/08/2011,-0.13620259571237484
09/07/2011,0.014728810139584365
09/06/2011,0.13102918905462316
09/02/2011,-0.0059187461332233455
09/01/2011,-0.10314979562394806
08/31/2011,-0.09892838691398763
08/30/2011,0.2796545105566219
08/29/2011,-0.3505000415546998
08/26/2011,0.09211103547386733
08/25/2011,-0.08388536267634912
08/24/2011,-0.1730689892275957
08/23/2011,-0.11397674772808042
08/22/2011,-0.09318171354909995
08/19/2011,-0.13999398181875772
08/18/2011,0.5421739714484595
08/17/2011,-0.41218316380368536
08/16/2011,-0.028759272686708685
08/15/2011,1.2651211269385048
08/12/2011,-0.3470141173316284
08/11/2011,-0.10038592129432065
08/10/2011,-0.17003649578835522
08/09/2011,-0.1369831154937439
08/08/2011,0.2643814324721697
08/05/2011,0.20641597405230083
08/04/2011,0.28463541666666664
08/03/2011,0.1953121352196853
08/02/2011,-0.19300911854103345
08/01/2011,-0.04140529997471616
07/29/2011,0.3310416666666667
07/28/2011,-0.2099465701045808
07/27/2011,0.6793247150876
07/26/2011,-0.2518690548150033
07/25/2011,-0.11240063817470738
07/22/2011,0.0169133799480251
07/21/2011,0.5573766826170565
07/20/2011,-0.2492781843819244
07/19/2011,-0.33587513935340024
07/18/2011,-0.6746109478724562
07/15/2011,1.0651449204791479
07/14/2011,1.3831857459115904
07/13/2011,-0.01795357318185006
07/12/2011,0.0006666900593003263
07/11/2011,-0.40478900596276146
07/08/2011,0.21210318464887853
07/07/2011,0.4599818897492285
07/06/2011,-0.2996984638480154
07/05/2011,0.05843435381138278
07/01/2011,0.497569180906275
06/30/2011,0.036462984224178256
06/29/2011,-0.13706999357857078
06/28/2011,-0.2117973709707741
06/27/2011,-0.09484665628231476
06/24/2011,-0.20744244914049775
06/23/2011,0.9948056785729068
06/22/2011,-0.12955290557336888
06/21/2011,-0.08691075364321195
06/20/2011,-0.4226210826210826
06/17/2011,0.9025765186282658
06/16/2011,0.32979336857280156
06/15/2011,-0.11454344311122458
06/14/2011,-0.03536027253883884
06/13/2011,-0.005165373621886484
06/10/2011,0.4445394756245023
06/09/2011,0.0215721129221777
06/08/2011,-0.13325847391236226
06/07/2011,-0.017749961524649874
06/06/2011,0.11071225071225071
06/03/2011,-0.20686928030730992
06/02/2011,-0.254200441530865
06/01/2011,0.09997034071108145
05/31/2011,0.5393351405335997
05/27/2011,-0.17595466516177577
05/26/2011,0.6276168242183015
05/25/2011,-0.31493668231037464
05/24/2011,-0.17391869355222975
05/23/2011,-0.007566150076306343
05/20/2011,-0.061241373743896044
05/19/2011,0.26391226727875544
05/18/2011,-0.40876671843664714
05/17/2011,0.11676349246442705
05/16/2011,0.4028725992771255
05/13/2011,0.4560244900767035
05/12/2011,-0.3807667731629393
05/11/2011,0.14484272128749084
05/10/2011,0.04833968148470053
05/09/2011,-0.05225797073359822
05/06/2011,0.029224017554358668
05/05/2011,-0.05633206268530284
05/04/2011,0.017063539547684577
05/03/2011,-0.024467116475614597
05/02/2011,-0.49540560280847257
04/29/2011,1.114326990136495
04/28/2011,-0.12984676737683956
04/27/2011,-0.3433199072031426
04/26/2011,1.1462259828328802
04/25/2011,-0.3397934900980115
04/21/2011,-0.19279167819759396
04/20/2011,0.14006532793882928
04/19/2011,-0.46742708034752356
04/18/2011,-0.6411350536490201
04/15/2011,1.573858345353954
04/14/2011,1.636705021424101
04/13/2011,-0.007762677048749612
04/12/2011,0.12234940889472697
04/11/2011,-0.02291895856252292
04/08/2011,-0.24874554792498868
04/07/2011,-0.05126481844488005
04/06/2011,-0.5587799212533566
04/05/2011,1.9435783041970758
04/04/2011,-0.21380506681408337
04/01/2011,0.28768501926900514
03/31/2011,0.42683524796861866
03/30/2011,-0.11373230692823441
03/29/2011,-0.27658141153751153
03/28/2011,-0.2239203931546478
03/25/2011,0.3620223118917636
03/24/2011,0.15554458432760088
03/23/2011,-0.037462379217487726
03/22/2011,-0.37540399709781674
03/21/2011,-0.08417650789815458
03/18/2011,0.13772722586852684
03/17/2011,-0.23672511245459196
03/16/2011,-0.05172113614883351
03/15/2011,0.42241562300997665
03/14/2011,-0.07120559918509513
03/11/2011,-0.030719006290309738
03/10/2011,0.4542275537852296
03/09/2011,-0.0585811458969216
03/08/2011,-0.3401522017464359
03/07/2011,0.1500206799569857
03/04/2011,0.547887323943662
03/03/2011,-0.040186801032321494
03/02/2011,-0.3901397050005996
03/01/2011,0.45659388646288207
02/28/2011,0.18065580532068468
02/25/2011,-0.287396439921377
02/24/2011,-0.06154429637802334
02/23/2011,-0.20614479266456823
02/22/2011,0.13114957119415463
02/18/2011,1.176042578993465
02/17/2011,-0.12184588078686585
02/16/2011,-0.19502321704964876
02/15/2011,-0.016924949669928368
02/14/2011,-0.1783577926948895
02/11/2011,0.10944902052835986
02/10/2011,0.26698569767756236
02/09/2011,0.08708558664472138
02/08/2011,-0.05815916955017301
02/07/2011,0.16038160092509315
02/04/2011,0.037283843667743975
02/03/2011,-0.15085584948366104
02/02/2011,-0.3586463436762838
02/01/2011,-0.021275840022732116
01/31/2011,-0.3370693917916598
01/28/2011,1.0954754033650762
01/27/2011,-0.009287774355966174
01/26/2011,-0.4411266528248279
01/25/2011,-0.20707918593694152
01/24/2011,-0.48349976224441277
01/21/2011,0.6231861685705464
01/20/2011,0.6105708059727686
01/19/2011,-0.058297755130147365
01/18/2011,0.5289856598370148
01/14/2011,0.7733671907091377
01/13/2011,-0.1829443173150267
01/12/2011,0.13435780292804486
01/11/2011,-0.08857764739282672
01/10/2011,-0.24845309499537707
01/07/2011,0.021084483175986445
01/06/2011,-0.18737090587193864
01/05/2011,0.3879484519194015
01/04/2011,-0.22861776289463154
01/03/2011,0.5366019417475728
12/31/2010,0.5556562452801692
12/30/2010,-0.029178885630498533
12/29/2010,-0.04280701754385965
12/28/2010,-0.1186293913904008
12/27/2010,0.08758240279833177
12/23/2010,-0.08007425742574258
12/22/2010,-0.35754041876490855
12/21/2010,-0.0475349001590387
12/20/2010,-0.360791970567353
12/17/2010,0.9332418268030945
12/16/2010,-0.2633514109752735
12/15/2010,0.3191463562507579
12/14/2010,-0.31486250726925313
12/13/2010,0.4069723269337541
12/10/2010,-0.08785350641042727
12/09/2010,0.06373869403725652
12/08/2010,-0.4224918537440029
12/07/2010,0.45296440807004185
12/06/2010,-0.20424081787201817
12/03/2010,0.03268945022288262
12/02/2010,-0.3213115189151175
12/01/2010,-0.4725470846368656
11/30/2010,1.4888691471571907
11/29/2010,1.1811550151975685
11/26/2010,-0.45287490125971813
11/24/2010,0.10810125999124687
11/23/2010,-0.010980749515890193
11/22/2010,-0.04826434812775092
11/19/2010,-0.11293828015309754
11/18/2010,0.06038913362701909
11/17/2010,-0.26151065592288575
11/16/2010,-0.04929980812738051
11/15/2010,0.025325561933845227
11/12/2010,0.5002532983854981
11/11/2010,-0.09426245860431712
11/10/2010,0.11614339790692496
11/09/2010,0.06464689566887134
11/08/2010,0.19006375895728714
11/05/2010,-0.5055173472092407
11/04/2010,0.05630544339984085
11/03/2010,0.6923192019950125
11/02/2010,-0.35293358290841026
11/01/2010,0.3549938779079937
10/29/2010,0.04303404866701635
10/28/2010,-0.025686034885012775
10/27/2010,-0.10785790746540856
10/26/2010,-0.20437196391394866
10/25/2010,0.3999249298977722
10/22/2010,-0.22748516067408064
10/21/2010,-0.17151134035186885
10/20/2010,-0.23165872248944094
10/19/2010,-0.3536545141934805
10/18/2010,-0.5211958092242764
10/15/2010,1.2346483653456277
10/14/2010,1.1711444408216498
10/13/2010,-0.18596472602285244
10/12/2010,0.4292515458442396
10/11/2010,-0.08146625317955329
10/08/2010,0.19345448496693973
10/07/2010,-0.13269133665151844
10/06/2010,-0.21237429691494802
10/05/2010,0.8073625301637829
10/04/2010,-0.12788250570904044
10/01/2010,-0.31413918064000984
09/30/2010,0.49346420217401277
09/29/2010,-0.40564558997914596
09/28/2010,0.1761301699262584
09/27/2010,-0.07432963836827969
09/24/2010,0.4485716128200168
09/23/2010,-0.0865877363491783
09/22/2010,-0.4319540486281508
09/21/2010,0.01425339366515837
09/20/2010,-0.2194536175322726
09/17/2010,1.8645066646432455
09/16/2010,-0.18034248279293474
09/15/2010,0.08407686256882796
09/14/2010,-0.011156299308842812
09/13/2010,0.13534176065400044
09/10/2010,-0.1877318467813006
09/09/2010,0.011966981914717106
09/08/2010,0.40469045884923527
09/07/2010,-0.3269211914426339
09/03/2010,0.5083853411813423
09/02/2010,-0.47831252796765783
09/01/2010,0.6582738415086615
08/31/2010,0.5810105586795582
08/30/2010,-0.46750393141035307
08/27/2010,0.30132877326754876
08/26/2010,-0.3144614201979437
08/25/2010,-0.06175622069960332
08/24/2010,-0.07484945034780723
08/23/2010,-0.23775192319918623
08/20/2010,-0.0018783394463975226
08/19/2010,0.461077733273995
08/18/2010,0.42087790483216525
08/17/2010,0.4487918463946253
08/16/2010,-0.32548019980431536
08/13/2010,-0.12244390717852544
08/12/2010,-0.008268722269528975
08/11/2010,0.07186434164384878
08/10/2010,0.10778809568155816
08/09/2010,-0.43601248536870857
08/06/2010,0.3714626767375332
08/05/2010,-0.3651401319657673
08/04/2010,1.115336778972389
08/03/2010,-0.030337951920242273
08/02/2010,-0.13308240979531144
07/30/2010,-0.19864084900390988
07/29/2010,0.07192751367101745
07/28/2010,0.01826975836771191
07/27/2010,0.22857784879656445
07/26/2010,-0.11890357920672284
07/23/2010,0.05434429651621283
07/22/2010,-0.3451402706684691
07/21/2010,-0.1911220866659295
07/20/2010,-0.10896909586521725
07/19/2010,-0.418475700589501
07/16/2010,0.6106348945943729
07/15/2010,0.558129503299091
07/14/2010,-0.21585257381957582
07/13/2010,0.1925093744864574
07/12/2010,-0.23020217586310002
07/09/2010,0.6229725441887377
07/08/2010,-0.14724326733303622
07/07/2010,0.22250111882941256
07/06/2010,0.32238060930424045
07/02/2010,-0.44901112922662506
07/01/2010,-0.024870738518539
06/30/2010,0.028874601729631317
06/29/2010,0.9872798711026939
06/28/2010,-0.21508286925073772
06/25/2010,0.18567332228448163
06/24/2010,-0.06677632386517074
06/23/2010,-0.08588420107719928
06/22/2010,-0.25599412275429106
06/21/2010,0.038493549729504785
06/18/2010,0.45295140201043005
06/17/2010,-0.13628253111672034
06/16/2010,-0.46257206675164597
06/15/2010,1.0876708984375
06/14/2010,0.145221718950959
06/11/2010,-0.3088695652173913
06/10/2010,-0.05536389025792673
06/09/2010,0.016344477013839932
06/08/2010,-0.26085704490915324
06/07/2010,-0.07336814953176025
06/04/2010,0.07384665766097671
06/03/2010,0.4368591314577002
06/02/2010,-0.047258802652470344
06/01/2010,-0.07876170154185022
05/28/2010,0.030500780252518088
05/27/2010,-0.19176747119188214
05/26/2010,0.15186634309015568
05/25/2010,-0.3056421660782246
05/24/2010,-0.5515803866537131
05/21/2010,0.9723523328669628
05/20/2010,0.4259443986641801
05/19/2010,0.21949542497487703
05/18/2010,0.011357963055416875
05/17/2010,-0.32124703490342255
05/14/2010,0.23761308489605176
05/13/2010,-0.13656820650768195
05/12/2010,0.15928035982008995
05/11/2010,-0.19510546893855288
05/10/2010,-0.18884103367267033
05/07/2010,0.017773172870008767
05/06/2010,0.0912095318852869
05/05/2010,-0.2458927693064437
05/04/2010,2.270679715779595
05/03/2010,-0.2371494610239522
04/30/2010,-0.2038529809305128
04/29/2010,-0.101934861137517
04/28/2010,-0.11406952488306707
04/27/2010,-0.11997309100030785
04/26/2010,1.0910044584316811
04/23/2010,-0.36313943424588896
04/22/2010,0.3718338610231628
04/21/2010,-0.19678768613016565
04/20/2010,-0.23539419989510177
04/19/2010,-0.6817478605685066
04/16/2010,0.8095062692460697
04/15/2010,0.9871759211816891
04/14/2010,-0.13025375927882962
04/13/2010,0.6631162120955446
04/12/2010,0.14382599428377657
04/09/2010,0.05604297224709042
04/08/2010,-0.24544507064000617
04/07/2010,0.25282909372279716
04/06/2010,0.08341192497118306
04/05/2010,-0.0956859586363744
04/01/2010,-0.3062193879228165
03/31/2010,0.5323510892834655
03/30/2010,-0.36290555502069893
03/29/2010,0.15144572748267898
03/26/2010,-0.31410938767234386
03/25/2010,-0.40125194430744715
03/24/2010,0.1933845234430178
03/23/2010,0.3736753072292154
03/22/2010,-0.1646474512167245
03/19/2010,1.697667899988788
03/18/2010,-0.4649670065986803
03/17/2010,-0.03202392358389223
03/16/2010,-0.2626677798471518
03/15/2010,0.6902341064514962
03/12/2010,-0.3495799110399849
03/11/2010,-0.25139841967565474
03/10/2010,0.7801910018974737
03/09/2010,0.3311276249321588
03/08/2010,-0.3900199905776895
03/05/2010,0.2288110400075102
03/04/2010,0.030555645135283305
03/03/2010,-0.29091491161876015
03/02/2010,0.9468447412353923
03/01/2010,0.09205600661189169
02/26/2010,-0.3807409191491924
02/25/2010,0.42235306712343434
02/24/2010,-0.19007734193458883
02/23/2010,0.33948108057884835
02/22/2010,-0.1600296568005775
02/19/2010,0.09253495907230559
02/18/2010,0.15135599460056448
02/17/2010,-0.44459590245498287
02/16/2010,0.6030285814177082
02/12/2010,-0.05407193054981397
02/11/2010,-0.0989010989010989
02/10/2010,-0.05144694533762058
02/09/2010,0.04649915876273411
02/08/2010,-0.14630027148178545
02/05/2010,-0.06562841046515058
02/04/2010,0.12625197242753924
02/03/2010,-0.2678462848108963
02/02/2010,0.8198919971671388
02/01/2010,-0.45639384496926094
01/29/2010,0.282245499282662
01/28/2010,-0.18547698029754725
01/27/2010,-0.08980282721075987
01/26/2010,-0.01456135605445857
01/25/2010,-0.35005896701509703
01/22/2010,0.07811192014278268
01/21/2010,0.9404201848077601
01/20/2010,-0.24695062141546556
01/19/2010,-0.2056812348757058
01/15/2010,0.28168798975551873
01/14/2010,-0.34733702403042527
01/13/2010,0.3385952847714746
01/12/2010,-0.32713849638807163
01/11/2010,0.5267769588460444
01/08/2010,-0.26347793672242675
01/07/2010,0.6121746315934444
01/06/2010,0.32414330476301
01/05/2010,0.5360071301247772
01/04/2010,0.6037080900069425
12/31/2009,-0.16770334115087862
12/30/2009,0.028634361233480177
12/29/2009,-0.16083792982044362
12/28/2009,0.9772595428704026
12/24/2009,-0.5857046721784273
12/23/2009,0.10202351944061872
12/22/2009,-0.268521388716677
12/21/2009,-0.2719271024346207
12/18/2009,0.33830441923243915
12/17/2009,-0.060729103868931524
12/16/2009,0.2319891651011403
12/15/2009,0.19179401733878315
12/14/2009,0.11245945319740501
12/11/2009,0.03099432666467602
12/10/2009,-0.06326918773774894
12/09/2009,0.1686333474977936
12/08/2009,-0.06856446947785051
12/07/2009,-0.34908838684106225
12/04/2009,0.7594142259414226
12/03/2009,-0.14100874565712232
12/02/2009,-0.2831962901736834
12/01/2009,0.34504764654923475
11/30/2009,0.24590753732685736
11/27/2009,-0.0524324140047046
11/25/2009,-0.08971573982125124
11/24/2009,-0.3698865858427845
11/23/2009,0.2698018572776481
11/20/2009,-0.07462892330315703
11/19/2009,0.39910631047674155
11/18/2009,-0.19154299971411493
11/17/2009,-0.12843454821392167
11/16/2009,0.31939629408248654
11/13/2009,-0.11635768235356256
11/12/2009,-0.18684905619859557
11/11/2009,0.03985976508418561
11/10/2009,-0.15815396183851865
11/09/2009,0.45064085083174255
11/06/2009,-0.011350462376317705
11/05/2009,-0.2079311523020415
11/04/2009,-0.019945166488771687
11/03/2009,-0.25669705360754175
11/02/2009,-0.07679271567881199
10/30/2009,0.37498025276461294
10/29/2009,-0.017614650422906806
10/28/2009,-0.2016726033761809
10/27/2009,0.08284420593660909
10/26/2009,0.24146402398401065
10/23/2009,0.02404912161009722
10/22/2009,-0.3634611730857965
10/21/2009,-0.09226865083275845
10/20/2009,0.25663333230130964
10/19/2009,-0.6360655552989031
10/16/2009,0.4493855387253501
10/15/2009,0.8722099920503883
10/14/2009,0.07278512152720831
10/13/2009,-0.08573741978048342
10/12/2009,0.21333187788814903
10/09/2009,-0.3638047177017987
10/08/2009,-0.11701823236039571
10/07/2009,0.7839197812215132
10/06/2009,0.2740702887273234
10/05/2009,-0.17542616357019727
10/02/2009,-0.07550377164712965
10/01/2009,-0.10455381492991692
09/30/2009,0.49663028001898435
09/29/2009,0.14129404436259244
09/28/2009,-0.10259090025277076
09/25/2009,-0.18912100906582577
09/24/2009,-0.06532070883837454
09/23/2009,-0.11080899575764525
09/22/2009,0.43696747163771593
09/21/2009,-0.35544261548964573
09/18/2009,-0.2675866973343556
09/17/2009,0.7340796547139636
09/16/2009,0.07808475280432073
09/15/2009,0.21378684349865107
09/14/2009,0.03824607329842932
09/11/2009,-0.24922859220534188
09/10/2009,0.1545233827233328
09/09/2009,-0.17366358539740873
09/08/2009,0.7721548429971756
09/04/2009,-0.08929976396538158
09/03/2009,-0.087908144958737
09/02/2009,-0.3044671824307462
09/01/2009,0.32533584368003254
08/31/2009,0.10516252390057361
08/28/2009,-0.1136918706075861
08/27/2009,0.005563352044907779
08/26/2009,-0.15087032387113247
08/25/2009,-0.04582648068059532
08/24/2009,-0.31094353349376014
08/21/2009,-0.10962180477353131
08/20/2009,0.7733498276928514
08/19/2009,-0.040891563201830586
08/18/2009,-0.10269961977186312
08/17/2009,0.5642192285960687
08/14/2009,-0.16041645860381504
08/13/2009,-0.14786604825326582
08/12/2009,0.36721158880679505
08/11/2009,-0.016900683462495354
08/10/2009,-0.315018315018315
08/07/2009,0.2047149329809326
08/06/2009,-0.09865146552090867
08/05/2009,-0.020010839204569142
08/04/2009,-0.07740533471797535
08/03/2009,-0.09444115495803003
07/31/2009,-0.10571562061984115
07/30/2009,0.6097573204973927
07/29/2009,-0.2154054957807982
07/28/2009,0.011218299353555445
07/27/2009,-0.30949470532489115
07/24/2009,0.042750343721356554
07/23/2009,0.34465692221772876
07/22/2009,-0.12853690464203002
07/21/2009,-0.05876220263482134
07/20/2009,-0.539910607216832
07/17/2009,0.04570568699128293
07/16/2009,0.7353934214344122
07/15/2009,0.3043074382439964
07/14/2009,-0.2842297084318361
07/13/2009,0.3824
07/10/2009,-0.10655899752117645
07/09/2009,-0.0481174273678725
07/08/2009,0.055800091701054565
07/07/2009,0.4405231060522666
07/06/2009,-0.10128611001187178
07/02/2009,0.08948242040138826
07/01/2009,-0.10912023967275451
06/30/2009,0.1957150730228713
06/29/2009,-0.33390437150111657
06/26/2009,0.06971873619451216
06/25/2009,0.23869071747061207
06/24/2009,-0.15235019241341397
06/23/2009,-0.29697086815788204
06/22/2009,-0.03163705687652776
06/19/2009,0.38051797074304905
06/18/2009,-0.11601153264251662
06/17/2009,0.14441123144019208
06/16/2009,-0.18390498153751816
06/15/2009,0.2804594954425972
06/12/2009,0.018568100420737855
06/11/2009,-0.1469842352696911
06/10/2009,0.03195543380113558
06/09/2009,0.05041395386222972
06/08/2009,-0.15815187235251926
06/05/2009,0.011748113866334398
06/04/2009,0.0297941342357586
06/03/2009,0.3465481886534518
06/02/2009,-0.21032745591939547
06/01/2009,0.2546039389778221
05/29/2009,-0.007727484834344377
05/28/2009,-0.12045245600210139
05/27/2009,-0.02262443438914027
05/26/2009,0.8064347826086956
05/22/2009,-0.36812029524350265
05/21/2009,0.19081788440567066
05/20/2009,-0.19506328891697827
05/19/2009,-0.15343687300289813
05/18/2009,0.11400851007467011
05/15/2009,0.024423752098916195
05/14/2009,0.033135908039531786
05/13/2009,-0.2500821298571598
05/12/2009,0.48118808026938126
05/11/2009,-0.3378484618061373
05/08/2009,0.28848037994652853
05/07/2009,0.13934612328300602
05/06/2009,0.0966697790227202
05/05/2009,-0.2504665629860031
05/04/2009,0.31938032215040524
05/01/2009,-0.44264638609332113
04/30/2009,0.20656823513177866
04/29/2009,0.22641349782538797
04/28/2009,0.2850898177547736
04/27/2009,-0.32340607112902986
04/24/2009,0.29758472553699283
04/23/2009,-0.2549574667842613
04/22/2009,-0.052383263237355766
04/21/2009,-0.1656187787513075
04/20/2009,-0.5872741030271239
04/17/2009,0.053579114171687925
04/16/2009,1.065647636462827
04/15/2009,0.4381211135003196
04/14/2009,0.12408949861179161
04/13/2009,-0.09828581526861452
04/09/2009,0.22327508557016754
04/08/2009,-0.24861594271559484
04/07/2009,0.1218812166861551
04/06/2009,-0.1344392013564847
04/03/2009,-0.15556912148287919
04/02/2009,0.3594935944832581
04/01/2009,-0.09686695103503727
03/31/2009,0.1813790993833819
03/30/2009,-0.06882645718397697
03/27/2009,-0.4465087333526947
03/26/2009,0.38443423319931075
03/25/2009,0.135163330507922
03/24/2009,-0.10570385660474174
03/23/2009,-0.09844183699217764
03/20/2009,0.15243968932885824
03/19/2009,-0.17976724077957443
03/18/2009,0.06359206367662759
03/17/2009,-0.04734907607874729
03/16/2009,0.2663223667431778
03/13/2009,-0.2224711971286363
03/12/2009,-0.15184795862590927
03/11/2009,-0.11984575188554257
03/10/2009,0.040004618582095294
03/09/2009,-0.10545704940609399
03/06/2009,0.1078604885342447
03/05/2009,-0.1648072990003377
03/04/2009,0.1982608562877909
03/03/2009,0.12719981411839626
03/02/2009,0.06799319884196499
02/27/2009,-0.03311946824014503
02/26/2009,-0.1294337900249878
02/25/2009,0.05629463774984882
02/24/2009,0.16755714994466284
02/23/2009,-0.16020736016409337
02/20/2009,0.24623803009575923
02/19/2009,-0.1719350757807526
02/18/2009,0.060578955214718545
02/17/2009,0.3698809509508307
02/13/2009,-0.2529033763529644
02/12/2009,0.060929510678613255
02/11/2009,-0.2635443108985597
02/10/2009,0.42723032886967316
02/09/2009,-0.2928061831153389
02/06/2009,-0.031159142026441385
02/05/2009,0.06557161437402272
02/04/2009,0.03978848360064124
02/03/2009,0.2591937088626971
02/02/2009,0.11450170062587298
01/30/2009,-0.3585805048522442
01/29/2009,-0.052991198357544865
01/28/2009,0.5609822674242271
01/27/2009,0.06865890945234931
01/26/2009,-0.5704101476382978
01/23/2009,0.2982664393012732
01/22/2009,0.6787614558255275
01/21/2009,-0.02450143574663759
01/20/2009,-0.03373411264409462
01/16/2009,-0.11965517820269612
01/15/2009,0.08533530113786475
01/14/2009,0.2336004315528034
01/13/2009,0.34142885140126333
01/12/2009,-0.23872426377762987
01/09/2009,0.20545633136422117
01/08/2009,-0.1988672888081041
01/07/2009,-0.30049230530681864
01/06/2009,0.31422894696622344
01/05/2009,0.3540976821192053
01/02/2009,0.25071180825179895
12/31/2008,-0.2489210311442902
12/30/2008,0.03824261589181188
12/29/2008,0.8896206265256306
12/26/2008,0.019573276644284862
12/24/2008,-0.49136294108339046
12/23/2008,-0.035717464555915825
12/22/2008,-0.30200049701789267
12/19/2008,0.1782569594043461
12/18/2008,-0.17724797164170114
12/17/2008,-0.17988865446899188
12/16/2008,0.0477517706377253
12/15/2008,0.17752241664490293
12/12/2008,-0.07397255856698322
12/11/2008,0.1799183875355509
12/10/2008,-0.23990514268362337
12/09/2008,-0.15402305880913789
12/08/2008,0.24889238572476166
12/05/2008,0.33451583636604587
12/04/2008,-0.17244259224889907
12/03/2008,0.011157553527254116
12/02/2008,0.02249435242605821
12/01/2008,1.226146557415246
11/28/2008,-0.5964046141307755
11/26/2008,-0.4098533512771064
11/25/2008,0.07126189638686728
11/24/2008,-0.0185259923075801
11/21/2008,0.04756010594947025
11/20/2008,0.24823560828596497
11/19/2008,-0.06128466212264095
11/18/2008,0.10635235076597993
11/17/2008,-0.20734866923137316
11/14/2008,-0.28089655042625666
11/13/2008,0.3167389418907199
11/12/2008,-0.009406404799426582
11/11/2008,0.2557472858754554
11/10/2008,0.726047075849153
11/07/2008,-0.45406592385179334
11/06/2008,0.23441544937575745
11/05/2008,-0.05488420638847283
11/04/2008,0.23433108017668317
11/03/2008,-0.1978634027190616
10/31/2008,-0.07079612909662293
10/30/2008,-0.18118276550445975
10/29/2008,0.2037181575146729
10/28/2008,0.30717877857934733
10/27/2008,-0.1574009517298333
10/24/2008,0.13584186125185488
10/23/2008,-0.012362272288918758
10/22/2008,0.13456302984354537
10/21/2008,-0.14384764040302714
10/20/2008,-0.5260495506046124
10/17/2008,-0.12256985982025091
10/16/2008,1.4161237966071547
10/15/2008,-0.1365963219391085
10/14/2008,-0.1258495220302388
10/13/2008,-0.1596811265857889
10/10/2008,0.31242288900952475
10/09/2008,-0.3172096001078285
10/08/2008,0.06983723571080949
10/07/2008,-0.01481007937776357
10/06/2008,0.4038241013112629
10/03/2008,0.3355195805068875
10/02/2008,-0.04008405106981352
10/01/2008,1.0201756084963522
09/30/2008,-0.7132516291469194
09/29/2008,1.0336392300814157
09/26/2008,0.054216568599239935
09/25/2008,0.18347287950491445
09/24/2008,-0.18489767789114994
09/23/2008,0.18081739680817396
09/22/2008,-0.5595338255280805
09/19/2008,0.16492394059072904
09/18/2008,-0.05889062934925582
09/17/2008,0.3055787140953562
09/16/2008,0.06445740638202656
09/15/2008,0.0894794688086207
09/12/2008,-0.06851561056715315
09/11/2008,0.03927937153005552
09/10/2008,-0.13870725472497641
09/09/2008,-0.1983063861284959
09/08/2008,0.9888272452622906
09/05/2008,-0.06479883286072412
09/04/2008,0.12373145529065405
09/03/2008,-0.29401648096375327
09/02/2008,0.5881606710592743
08/29/2008,0.27015784281486355
08/28/2008,-0.3094129669581015
08/27/2008,0.3261357305265694
08/26/2008,0.6423731328519141
08/25/2008,-0.12314865011384582
08/22/2008,-0.3463037777305266
08/21/2008,-0.11751460488622574
08/20/2008,0.3071112055856239
08/19/2008,-0.08621333691933002
08/18/2008,-0.05972351007333727
08/15/2008,0.2148489503328213
08/14/2008,-0.19498220689465656
08/13/2008,0.3156362979031092
08/12/2008,-0.34996416107540274
08/11/2008,0.133724105774995
08/08/2008,0.3480775101916204
08/07/2008,-0.1783290048400425
08/06/2008,-0.058228411017538007
08/05/2008,0.4413219829744617
08/04/2008,-0.17319444214431215
08/01/2008,0.049846999095903746
07/31/2008,-0.1792105488483603
07/30/2008,0.24540575125297692
07/29/2008,-0.11302730310864494
07/28/2008,-0.007370084654263226
07/25/2008,-0.10093975971413298
07/24/2008,-0.27650435632277504
07/23/2008,0.04319388405181567
07/22/2008,-0.20504422986022014
07/21/2008,-0.47739012673527637
07/18/2008,0.2850712848275276
07/17/2008,0.8530326267358558
07/16/2008,-0.21888179595319757
07/15/2008,0.3720377813052338
07/14/2008,-0.11173
07/11/2008,0.14998045033234436
07/10/2008,0.042774400115120334
07/09/2008,-0.15781128493087046
07/08/2008,0.1591510383741893
07/07/2008,0.7726452094876424
07/03/2008,-0.4315726148910069
07/02/2008,-0.14857033815745865
07/01/2008,0.3172767803987458
06/30/2008,-0.30880510621176516
06/27/2008,-0.037468973894062355
06/26/2008,0.3729456689868523
06/25/2008,-0.11779192119486999
06/24/2008,0.2851388565400266
06/23/2008,-0.3923103181277007
06/20/2008,0.05278427866452795
06/19/2008,0.6808150156167129
06/18/2008,-0.023605736726268395
06/17/2008,-0.022539370078740156
06/16/2008,-0.42714458316552556
06/13/2008,0.1261588142450246
06/12/2008,0.4402623362031799
06/11/2008,0.04250769524120836
06/10/2008,-0.30839008675502305
06/09/2008,0.1169668784983797
06/06/2008,0.20879596067508616
06/05/2008,0.16458564763385913
06/04/2008,-0.2188295459804693
06/03/2008,0.17177797662626426
06/02/2008,0.1392076608232296
05/30/2008,-0.33432378523986755
05/29/2008,0.19617271955823934
05/28/2008,0.04783566798541218
05/27/2008,-0.12771888805206777
05/23/2008,-0.1270288304908445
05/22/2008,-0.21517798006869676
05/21/2008,0.9519843656043295
05/20/2008,-0.4087636654519598
05/19/2008,0.3112900782042167
05/16/2008,-0.015795269448714126
05/15/2008,-0.007570324328631763
05/14/2008,-0.15255267423014587
05/13/2008,0.061592347555355274
05/12/2008,0.08451345617717948
05/09/2008,-0.12454176836086775
05/08/2008,-0.22533237919475727
05/07/2008,0.42851762579090086
05/06/2008,-0.2629708938060116
05/05/2008,-0.10255589007750945
05/02/2008,0.05996982270841192
05/01/2008,-0.1645236114262663
04/30/2008,0.8184860850029801
04/29/2008,0.08415349438313947
04/28/2008,-0.037404753645378534
04/25/2008,0.007083398585729602
04/24/2008,-0.15979068402194377
04/23/2008,-0.3800481915614568
04/22/2008,0.06705055239370605
04/21/2008,-0.5920268358109474
04/18/2008,0.3656569424755652
04/17/2008,0.7499102392531906
04/16/2008,0.6669749929266329
04/15/2008,0.19127808242263966
04/14/2008,-0.07845315747975055
04/11/2008,-0.177958694648767
04/10/2008,-0.16132406477012537
04/09/2008,0.330141653611455
04/08/2008,-0.23496823507719128
04/07/2008,0.007847277949064493
04/04/2008,-0.13000183722212016
04/03/2008,0.12992825588733517
04/02/2008,-0.015443478829598503
04/01/2008,0.3703450593771006
03/31/2008,0.016038519766422694
03/28/2008,-0.2496498120942945
03/27/2008,0.11605738525332443
03/26/2008,-0.10389688044555301
03/25/2008,-0.13778576478906435
03/24/2008,-0.3177428269936184
03/20/2008,0.6043759371825672
03/19/2008,-0.14621605809271432
03/18/2008,-0.08253028025815577
03/17/2008,0.19983330807698135
03/14/2008,-0.1491199793694797
03/13/2008,0.1615594296669063
03/12/2008,-0.24640658242992342
03/11/2008,0.1050763953850951
03/10/2008,-0.010429523574426067
03/07/2008,0.08054760904501837
03/06/2008,0.004508064948287873
03/05/2008,-0.45406540039641036
03/04/2008,0.8031202194440048
03/03/2008,-0.1984948259642521
02/29/2008,0.4309352572392253
02/28/2008,-0.3492440796078663
02/27/2008,-0.5653468523390874
02/26/2008,1.781304474575061
02/25/2008,0.5179398723031491
02/22/2008,-0.028513524183855204
02/21/2008,-0.1477610043142445
02/20/2008,0.04909635718992187
02/19/2008,0.2118942144989258
02/15/2008,-0.190927410050916
02/14/2008,-0.02234754492819009
02/13/2008,-0.005645070843769861
02/12/2008,0.14354971100242828
02/11/2008,-0.14686079845939498
02/08/2008,-0.13873130155618799
02/07/2008,0.03830422899040437
02/06/2008,-0.31838331740068027
02/05/2008,-0.14849996971165497
02/04/2008,-0.25245875656965605
02/01/2008,0.1835231459770885
01/31/2008,0.873062878797385
01/30/2008,0.26366447316261
01/29/2008,0.08016682509912734
01/28/2008,-0.16498737852275083
01/25/2008,-0.25901060819618277
01/24/2008,-0.4458886915160679
01/23/2008,0.7855794738442503
01/22/2008,0.11264590418302407
01/18/2008,0.03928439354717462
01/17/2008,-0.22189621257506215
01/16/2008,0.8964850913840456
01/15/2008,0.2519992831701799
01/14/2008,-0.10639362639122428
01/11/2008,-0.21426886236021328
01/10/2008,-0.06016349096069417
01/09/2008,0.2623319431615678
01/08/2008,-0.16621158020023805
01/07/2008,0.19470803089305463
01/04/2008,0.6479101894536934
01/03/2008,-0.24481841313902383
01/02/2008,0.8125406175971154
12/31/2007,-0.07277675187093012
12/28/2007,-0.12906939342125312
12/27/2007,0.1630274271988029
12/26/2007,0.553703080546973
12/24/2007,-0.6974417356213325
12/21/2007,0.21703182202196564
12/20/2007,0.00024787894493707253
12/19/2007,-0.38310280113991796
12/18/2007,0.30636520475801327
12/17/2007,0.4934096333261011
12/14/2007,-0.2712539404899548
12/13/2007,-0.1815711362551863
12/12/2007,0.0032619014775926844
12/11/2007,0.5920141580116778
12/10/2007,0.0010603905340747445
12/07/2007,-0.2152982840675008
12/06/2007,0.16614008307004152
12/05/2007,-0.005238252189471702
12/04/2007,-0.021572127843363088
12/03/2007,-0.45220820189274447
11/30/2007,0.27181544633901705
11/29/2007,-0.2158152061061017
11/28/2007,-0.11095509546479299
11/27/2007,0.31140048419044825
11/26/2007,1.4793553785150424
11/23/2007,-0.6095173834298093
11/21/2007,-0.28728714034057545
11/20/2007,0.7803372356053028
11/19/2007,-0.3887557634149163
11/16/2007,0.2978230563002681
11/15/2007,-0.13922547215675174
11/14/2007,-0.04153002241358971
11/13/2007,-0.17423238778054864
11/12/2007,-0.1019272660466988
11/09/2007,-0.31032547868505284
11/08/2007,0.9958034547742476
11/07/2007,-0.019296515644467015
11/06/2007,-0.050364754764801865
11/05/2007,0.5207944263944674
11/02/2007,-0.10505067464436169
11/01/2007,-0.050836653386454184
10/31/2007,-0.003457759747056573
10/30/2007,1.2504914304280725
10/29/2007,-0.08575799432636753
10/26/2007,-0.4212887754312679
10/25/2007,-0.2172728373632584
10/24/2007,0.0898652314821604
10/23/2007,0.019396503397191057
10/22/2007,-0.5779083928041847
10/19/2007,0.2847866268889033
10/18/2007,1.037848687851579
10/17/2007,0.000859809684433311
10/16/2007,-0.13227160228128698
10/15/2007,0.017593167135087785
10/12/2007,-0.4216699104545666
10/11/2007,1.1908430837534107
10/10/2007,-0.3857521078108311
10/09/2007,0.7437980502496632
10/08/2007,-0.008029247294920052
10/05/2007,0.697099588038094
10/04/2007,-0.2301361068310221
10/03/2007,-0.45108155540989153
10/02/2007,0.5001268794011292
10/01/2007,0.7849283786589163
09/28/2007,0.2835998062015504
09/27/2007,-0.38544907772699527
09/26/2007,0.22539039696438995
09/25/2007,-0.48450195606379776
09/24/2007,-0.3388462638496835
09/21/2007,0.4500915131679785
09/20/2007,-0.0003424935331813143
09/19/2007,0.311028134563802
09/18/2007,0.9184594110579648
09/17/2007,-0.2052284520034592
09/14/2007,0.4620936726199884
09/13/2007,-0.366698363445273
09/12/2007,0.1044514868998047
09/11/2007,-0.1618821131306268
09/10/2007,-0.1195034400239306
09/07/2007,0.010399923065298328
09/06/2007,0.09447267915676781
09/05/2007,-0.1030883344571814
09/04/2007,0.2405059055776759
08/31/2007,0.12289600240456867
08/30/2007,0.04017508206972018
08/29/2007,-0.22132619214266153
08/28/2007,0.4080771290840921
08/27/2007,-0.0596921713203594
08/24/2007,-0.1963279580338061
08/23/2007,-0.05410662051855369
08/22/2007,-0.09912805938025993
08/21/2007,0.3386152510757752
08/20/2007,-0.5077455953744614
08/17/2007,-0.36622128498089984
08/16/2007,0.5982227542704545
08/15/2007,0.48872438138323393
08/14/2007,0.1429265311878163
08/13/2007,-0.4588657232731065
08/10/2007,0.21225794515479177
08/09/2007,0.19113614103819784
08/08/2007,-0.045850125576777055
08/07/2007,0.16782396354855872
08/06/2007,0.14965260896159094
08/03/2007,0.006742034294375848
08/02/2007,-0.2875414815231453
08/01/2007,0.03693032696053844
07/31/2007,0.07751187752947387
07/30/2007,-0.2805938839358374
07/27/2007,-0.1996555292619208
07/26/2007,0.24138023968234004
07/25/2007,-0.004872205186887063
07/24/2007,-0.1234307656139801
07/23/2007,-0.6423255983429426
07/20/2007,0.5971966675172466
07/19/2007,0.8301339560034411
07/18/2007,0.4046262730882099
07/17/2007,-0.34410452661850954
07/16/2007,0.26014667135913555
07/13/2007,0.5217038891864118
07/12/2007,0.039980130356900935
07/11/2007,-0.14178121124431584
07/10/2007,0.033829716193656094
07/09/2007,0.35780864645292326
07/06/2007,-0.4442641619720439
07/05/2007,1.6407717897538256
07/03/2007,-0.4633062903502257
07/02/2007,-0.10128109676259917
06/29/2007,-0.06904875717017209
06/28/2007,-0.31923202082655383
06/27/2007,0.0762159085934422
06/26/2007,-0.28208657829068534
06/25/2007,0.10012931064288826
06/22/2007,0.6336021869775428
06/21/2007,0.01648906852838508
06/20/2007,-0.003934486229298198
06/19/2007,-0.09937267586192688
06/18/2007,-0.21675111340605435
06/15/2007,0.3360353562574108
06/14/2007,-0.3430165856974916
06/13/2007,0.09572437339954994
06/12/2007,0.38122849701503736
06/11/2007,-0.269030084612974
06/08/2007,-0.4018912307995089
06/07/2007,0.3479068239812031
06/06/2007,-0.24508401518185807
06/05/2007,0.47121050564004713
06/04/2007,0.47970686541136415
06/01/2007,-0.4622615180235998
05/31/2007,0.2316544982056676
05/30/2007,0.3886205250596659
05/29/2007,-0.02439251553055351
05/25/2007,0.2814976606511983
05/24/2007,-0.1752163255662857
05/23/2007,0.31811281093074856
05/22/2007,-0.37671759120722703
05/21/2007,0.666536377604658
05/18/2007,-0.2069986425968085
05/17/2007,-0.28891506745202356
05/16/2007,0.5912224264705882
05/15/2007,0.06360701285003151
05/14/2007,0.31542613492157495
05/11/2007,-0.20134863042391318
05/10/2007,-0.0523383874603012
05/09/2007,0.3389804351926473
05/08/2007,-0.03806884721328781
05/07/2007,-0.23542467999243333
05/04/2007,0.09899933473777581
05/03/2007,0.17352764178716068
05/02/2007,-0.16279038100166127
05/01/2007,0.004678778592535843
04/30/2007,0.24456854866171762
04/27/2007,-0.29072772504407896
04/26/2007,0.03984529026910954
04/25/2007,0.07365511662397195
04/24/2007,-0.34890621159450824
04/23/2007,-0.5334007806964008
04/20/2007,0.10462543605243035
04/19/2007,0.9415728165574433
04/18/2007,0.7664566587008472
04/17/2007,-0.3678314269457906
04/16/2007,0.8169470982461143
04/13/2007,0.03208241353936718
04/12/2007,-0.2896439072198628
04/11/2007,0.27951110219368647
04/10/2007,-0.02705340729775016
04/09/2007,0.1275151781947578
04/05/2007,-0.2813019061931504
04/04/2007,-0.4188150747377857
04/03/2007,0.8854348736764557
04/02/2007,0.020204550813487387
03/30/2007,-0.15252035769595843
03/29/2007,-0.13134797938703552
03/28/2007,0.2273144881030052
03/27/2007,-0.20574673745214578
03/26/2007,0.1456992960391601
03/23/2007,-0.2762739062952148
03/22/2007,-0.020275088273954245
03/21/2007,0.6946539323879685
03/20/2007,-0.3417224128347166
03/19/2007,-0.08154498882101298
03/16/2007,0.43481775240597137
03/15/2007,-0.5080217226509588
03/14/2007,0.25710223944135036
03/13/2007,0.8402834677361393
03/12/2007,-0.30381482296899703
03/09/2007,-0.07181140102362131
03/08/2007,-0.1792621844767517
03/07/2007,-0.13268490723230933
03/06/2007,0.18545517252190816
03/05/2007,-0.0346993129747889
03/02/2007,-0.24197896234098443
03/01/2007,0.08128523321364119
02/28/2007,-0.13749979941482618
02/27/2007,1.345856076290859
02/26/2007,0.02249108311308409
02/23/2007,-0.324047976272039
02/22/2007,0.0183072222124097
02/21/2007,0.38671989810914076
02/20/2007,-0.3414944920243222
02/16/2007,0.5280591497227357
02/15/2007,-0.2906592542088425
02/14/2007,0.4027416744322919
02/13/2007,-0.2940158066498732
02/12/2007,0.18439345472440946
02/09/2007,0.19180341890785566
02/08/2007,-0.01045898626426775
02/07/2007,-0.22587891721891498
02/06/2007,-0.26156015427362833
02/05/2007,0.14641838351822503
02/02/2007,-0.5985328315523928
02/01/2007,0.28286047764410127
01/31/2007,1.9198064869760014
01/30/2007,-0.12463622993397377
01/29/2007,-0.13113892388142215
01/26/2007,-0.13692929830187647
01/25/2007,0.05102762249260112
01/24/2007,0.29875399054015095
01/23/2007,-0.13671180097888305
01/22/2007,0.08558306149812885
01/19/2007,-0.16077726646736756
01/18/2007,-0.1145051790932683
01/17/2007,-0.114923162986607
01/16/2007,0.691887137003385
01/12/2007,-0.37936753648827953
01/11/2007,0.20770842201023226
01/10/2007,0.10910858094973619
01/09/2007,0.13186790159674783
01/08/2007,-0.30815622372350604
01/05/2007,-0.12874663702618383
01/04/2007,0.023496027975463296
01/03/2007,2.0113284671532847
12/29/2006,-0.1787489809293924
12/28/2006,-0.2635674428460434
12/27/2006,1.0399606157392953
12/26/2006,-0.47990357713828935
12/22/2006,-0.4264222312966107
12/21/2006,0.591950549137233
12/20/2006,-0.3369053110796851
12/19/2006,-0.17832997787885566
12/18/2006,0.5443936893017542
12/15/2006,0.0930527729117934
12/14/2006,0.01861290081311237
12/13/2006,0.11508125625506363
12/12/2006,0.2811698620100134
12/11/2006,-0.17899617770537002
12/08/2006,-0.14780797778608426
12/07/2006,0.04808650197562095
12/06/2006,0.08464554979542778
12/05/2006,-0.162630637225001
12/04/2006,-0.129899424143513
12/01/2006,0.009663561585109899
11/30/2006,-0.11683322947806814
11/29/2006,-0.19009167278883315
11/28/2006,0.06455978563947716
11/27/2006,3.2274099416381565
11/24/2006,-0.6150236300649689
11/22/2006,-0.46595066821924447
11/21/2006,0.6445617411760132
11/20/2006,-0.07013341528671632
11/17/2006,0.08216605368182174
11/16/2006,-0.3916246630286656
11/15/2006,0.1588315208021571
11/14/2006,0.6636722424909938
11/13/2006,0.5525275195041146
11/10/2006,-0.4268241635953404
11/09/2006,-0.38742057337269226
11/08/2006,0.6264800423159865
11/07/2006,-0.018911609432851313
11/06/2006,0.017072502309152363
11/03/2006,-0.062820451843044
11/02/2006,-0.03494840818125069
11/01/2006,-0.13667992835518078
10/31/2006,-0.042314027005077685
10/30/2006,-0.006192767812693289
10/27/2006,-0.06082459620289034
10/26/2006,-0.234643807912729
10/25/2006,0.06087901848113061
10/24/2006,-0.4266478026000752
10/23/2006,0.29676260531155113
10/20/2006,0.01254914866714011
10/19/2006,0.9117520447696944
10/18/2006,0.15472708154096168
10/17/2006,0.20642133062702542
10/16/2006,0.1923790926967451
10/13/2006,-0.25216470249480677
10/12/2006,-0.14043260348805345
10/11/2006,-0.4242945472125391
10/10/2006,0.2908173654858014
10/09/2006,0.033636838924761846
10/06/2006,0.26714503265105954
10/05/2006,-0.13090066175645867
10/04/2006,0.2190642006143861
10/03/2006,0.4964057235612664
10/02/2006,0.10300157977883097
09/29/2006,-0.35175070711011414
09/28/2006,-0.13091020055266414
09/27/2006,0.1110441407758304
09/26/2006,-0.07807249837204254
09/25/2006,0.23394293917869272
09/22/2006,-0.5651410255215662
09/21/2006,0.16881942931823132
09/20/2006,-0.35997881001505605
09/19/2006,1.0111869681634027
09/18/2006,-0.09332062281537973
09/15/2006,0.46069084596604254
09/14/2006,-0.45065911930441876
09/13/2006,0.7949034791443557
09/12/2006,0.2015903741668683
09/11/2006,0.46890044912598144
09/08/2006,-0.1974535506372606
09/07/2006,0.03166131621187801
09/06/2006,-0.08595182785181563
09/05/2006,0.5243118325661144
09/01/2006,-0.09697234891196418
08/31/2006,-0.26814878679640347
08/30/2006,-0.09319364710612728
08/29/2006,0.07109617064037994
08/28/2006,0.6880932186275698
08/25/2006,-0.2916893148333572
08/24/2006,-0.04387428540167948
08/23/2006,-0.1253095354874212
08/22/2006,0.03498953780628227
08/21/2006,-0.18757732736508576
08/18/2006,-0.025190225917791027
08/17/2006,-0.13206583717723955
08/16/2006,-0.12615178671029637
08/15/2006,0.3481822374621508
08/14/2006,0.3190763370893509
08/11/2006,-0.11623829727550054
08/10/2006,-0.011381756834831643
08/09/2006,-0.2493733357619283
08/08/2006,0.4551317649434572
08/07/2006,-0.2253800655032507
08/04/2006,-0.19468873264941383
08/03/2006,-0.10859938099616105
08/02/2006,0.2991985265288631
08/01/2006,0.18888009626120608
07/31/2006,0.12530343876941094
07/28/2006,-0.276102928190456
07/27/2006,0.019738500882469475
07/26/2006,-0.039782798543920174
07/25/2006,-0.2875307250180192
07/24/2006,-0.31209502782097953
07/21/2006,-0.06253153392951497
07/20/2006,0.4719369854041916
07/19/2006,-0.0021415025528811085
07/18/2006,0.4688488339204443
07/17/2006,-0.23042979262308058
07/14/2006,0.09064226519337017
07/13/2006,0.41123440371163744
07/12/2006,-0.17828868886237936
07/11/2006,0.3459953513962654
07/10/2006,-0.26573501525270016
07/07/2006,0.6386776010916411
07/06/2006,-0.26045861018134586
07/05/2006,1.3116988104861993
07/03/2006,-0.6553714140159836
06/30/2006,-0.06010683664766351
06/29/2006,0.794433928067985
06/28/2006,-0.09656878797802278
06/27/2006,0.15652966755505682
06/26/2006,-0.3318274692110147
06/23/2006,-0.10099427030670712
06/22/2006,-0.32392248009023483
06/21/2006,1.1645129469790383
06/20/2006,-0.47074063680799827
06/19/2006,0.43895613631454894
06/16/2006,-0.2182629697330074
06/15/2006,-0.1269115893912397
06/14/2006,0.014744235959806186
06/13/2006,0.5259981936738887
06/12/2006,-0.18488645832490636
06/09/2006,-0.4056191877518441
06/08/2006,0.16251614093340713
06/07/2006,-0.13143559068575092
06/06/2006,0.8457871059093435
06/05/2006,-0.12963511848119433
06/02/2006,0.017265730381655162
06/01/2006,-0.21340881146901505
05/31/2006,0.8492319056357698
05/30/2006,0.17699078979541935
05/26/2006,-0.5525120816996444
05/25/2006,-0.14227392174856093
05/24/2006,0.0635494532307078
05/23/2006,0.043998795822430124
05/22/2006,-0.24510853651608053
05/19/2006,0.9534302007922415
05/18/2006,-0.4517978406256289
05/17/2006,0.6397660908469998
05/16/2006,-0.24435617153295253
05/15/2006,-0.14844918941073643
05/12/2006,0.13435954313498133
05/11/2006,0.4372861432930511
05/10/2006,-0.3231078606618128
05/09/2006,0.7857622500121648
05/08/2006,-0.15604415460683016
05/05/2006,0.30374352165160406
05/04/2006,-0.42370161927330174
05/03/2006,-0.3840071768516125
05/02/2006,0.26475
05/01/2006,0.3961511870641223
04/28/2006,-0.1099341625742314
04/27/2006,0.14565950951738865
04/26/2006,-0.23943757288022655
04/25/2006,0.08290818483671479
04/24/2006,-0.6081671511499483
04/21/2006,0.837701797044031
04/20/2006,0.8095136659786545
04/19/2006,-0.1666248370174032
04/18/2006,-0.014758033388015054
04/17/2006,0.26042767333845185
04/13/2006,0.08907194304164252
04/12/2006,-0.45828250574052815
04/11/2006,0.19174772848743987
04/10/2006,0.326536399988656
04/07/2006,-0.18288889017629031
04/06/2006,-0.3588284456661033
04/05/2006,-0.14667930305460378
04/04/2006,0.9347916743324625
04/03/2006,-0.7775916744525447
03/31/2006,1.482477584852507
03/30/2006,-0.22681850906472936
03/29/2006,1.1269872205362363
03/28/2006,0.27365248226950356
03/27/2006,-0.5373241585698394
03/24/2006,1.0418693467336684
03/23/2006,-0.021234457793400136
03/22/2006,-0.22735333758955806
03/21/2006,-0.055396014014129
03/20/2006,0.21702053298383572
03/17/2006,-0.14625231246643194
03/16/2006,-0.21553298066569918
03/15/2006,-0.30795335815354874
03/14/2006,0.3524604829316206
03/13/2006,-0.294079286524384
03/10/2006,0.38929274843330347
03/09/2006,0.18431153012625587
03/08/2006,0.13168996846697673
03/07/2006,0.16098025776901087
03/06/2006,-0.2526609921044741
03/03/2006,-0.3474192820785969
03/02/2006,0.5197768113428077
03/01/2006,-0.694170949606357
02/28/2006,2.8618158227199784
02/27/2006,0.5749206812577302
02/24/2006,-0.48339101169971266
02/23/2006,0.9381268844994154
02/22/2006,-0.2544130297642943
02/21/2006,-0.3934471279441486
02/17/2006,-0.3281787865120225
02/16/2006,0.646372384180617
02/15/2006,-0.1164906961091584
02/14/2006,-0.25681284784239816
02/13/2006,0.2952226694152678
02/10/2006,0.2779543363719997
02/09/2006,-0.42740296091619356
02/08/2006,0.25098397483899954
02/07/2006,0.8601269243412805
02/06/2006,-0.5109685154153213
02/03/2006,0.5482895219773961
02/02/2006,-0.5646522750063363
02/01/2006,0.22915392134509327
01/31/2006,1.569136010114777
01/30/2006,0.016171903086452496
01/27/2006,-0.3461135303865274
01/26/2006,-0.310233918128655
01/25/2006,0.21178543473849334
01/24/2006,-0.31997827091698045
01/23/2006,-0.44690731329089006
01/20/2006,1.8283619168365686
01/19/2006,-0.2903673695677547
01/18/2006,1.4770245444963108
01/17/2006,0.08015354087375166
01/13/2006,-0.2438159241183879
01/12/2006,0.12410478755468055
01/11/2006,-0.0098563707747655
01/10/2006,-0.2888401688499821
01/09/2006,-0.27961197186852155
01/06/2006,0.6428959884964236
01/05/2006,-0.2929452900711369
01/04/2006,0.16501459718230724
01/03/2006,0.7294136957520846
12/30/2005,0.09233693118657439
12/29/2005,-0.024186267854518478
12/28/2005,0.061928685028017655
12/27/2005,0.45870236869207004
12/23/2005,-0.39110603580292547
12/22/2005,-0.3275153366063264
12/21/2005,0.1127642023423183
12/20/2005,-0.5402846184763579
12/19/2005,0.3433028401655721
12/16/2005,1.7011485729352054
12/15/2005,-0.08817165524702489
12/14/2005,-0.18783063940397957
12/13/2005,0.17462353877138537
12/12/2005,-0.09069994786235662
12/09/2005,-0.14215590354844662
12/08/2005,-0.23623778779804605
12/07/2005,-0.2287156788159624
12/06/2005,0.46999390001839675
12/05/2005,0.3640133655585932
12/02/2005,-0.225904399699428
12/01/2005,-0.3751932290003194
11/30/2005,-0.27443537585220823
11/29/2005,0.9526681840601287
11/28/2005,1.2744329175414764
11/25/2005,-0.5200711269170927
11/23/2005,0.05096086961035725
11/22/2005,-0.07151670554666564
11/21/2005,0.4710645357988627
11/18/2005,-0.23736035558631727
11/17/2005,0.059465838651649346
11/16/2005,0.008143510603890403
11/15/2005,0.10463625169864045
11/14/2005,0.1053262532879195
11/11/2005,-0.22618508433511408
11/10/2005,-0.12785429417195723
11/09/2005,0.3253480172321355
11/08/2005,-0.1766157010200054
11/07/2005,0.08686547113045344
11/04/2005,0.18481190436381875
11/03/2005,-0.29502260736731434
11/02/2005,-0.3540420529438279
11/01/2005,0.14036647541780697
10/31/2005,1.4295598757931687
10/28/2005,0.1497981993169823
10/27/2005,-0.4235894797474513
10/26/2005,0.2950152446752269
10/25/2005,-0.27072462237245165
10/24/2005,-0.5879999042568701
10/21/2005,0.6455513542159012
10/20/2005,0.9843540170102104
10/19/2005,-0.009480173979139394
10/18/2005,-0.06460829493087558
10/17/2005,-0.1117997894983043
10/14/2005,-0.193853260741474
10/13/2005,0.13555221308097057
10/12/2005,0.08939244625082365
10/11/2005,0.5330722950805017
10/10/2005,-0.17696614746197936
10/07/2005,-0.15305283098819747
10/06/2005,-0.0401756075386833
10/05/2005,-0.08922481887018575
10/04/2005,-0.0017510277771735584
10/03/2005,0.0009797944608953145
09/30/2005,0.6301554624831405
09/29/2005,-0.29804542000423556
09/28/2005,0.1635791731895402
09/27/2005,-0.3053547334716153
09/26/2005,0.1662664184932271
09/23/2005,-0.34772234605633046
09/22/2005,0.2852543908009766
09/21/2005,0.0822075431493714
09/20/2005,0.6229067425152807
09/19/2005,-0.2398349138752522
09/16/2005,-0.509915196645227
09/15/2005,0.37163368086234316
09/14/2005,0.09474824562676223
09/13/2005,-0.00833545156757327
09/12/2005,1.3656878985227712
09/09/2005,-0.33611527481715264
09/08/2005,-0.11816593712429675
09/07/2005,0.7803833918709571
09/06/2005,0.22648159429118442
09/02/2005,0.25251607746248594
09/01/2005,-0.4552921152628246
08/31/2005,0.05050001039522651
08/30/2005,-0.18821623263742385
08/29/2005,0.5719155822621937
08/26/2005,-0.14195472290829625
08/25/2005,-0.49068722645720414
08/24/2005,0.47605438567969266
08/23/2005,-0.14550705564085692
08/22/2005,0.22915019052412108
08/19/2005,-0.5331473284524534
08/18/2005,2.0574298322130433
08/17/2005,-0.453768323103226
08/16/2005,-0.13034258345215896
08/15/2005,0.24125255275697755
08/12/2005,-0.12363036172370592
08/11/2005,0.09244360766139252
08/10/2005,0.1902894378458515
08/09/2005,0.2895043958608885
08/08/2005,-0.24545027591875074
08/05/2005,0.13429286251082087
08/04/2005,-0.1170383436226954
08/03/2005,-0.186499395281143
08/02/2005,0.2874674502076149
08/01/2005,-0.32294570319014604
07/29/2005,0.4113908620907066
07/28/2005,-0.1790431890019186
07/27/2005,-0.2647496105504052
07/26/2005,0.016369346928039857
07/25/2005,-0.5869990287291688
07/22/2005,0.18178568731593123
07/21/2005,0.3828668894458368
07/20/2005,0.13382246727157196
07/19/2005,1.0331485062710137
07/18/2005,-0.26433450020366117
07/15/2005,-0.2089814291651296
07/14/2005,-0.06733474439711865
07/13/2005,0.950228050655274
07/12/2005,-0.30099029887077433
07/11/2005,0.12506846570035401
07/08/2005,-0.3012075186355553
07/07/2005,0.33396220541079047
07/06/2005,0.0675684658335549
07/05/2005,-0.18787754463056633
07/01/2005,-0.3886732801351735
06/30/2005,-0.1751110675552071
06/29/2005,-0.03875904081055904
06/28/2005,0.06929086269418454
06/27/2005,0.001785539095457667
06/24/2005,0.26427718379338083
06/23/2005,0.34203192177453107
06/22/2005,-0.30783892237448934
06/21/2005,-0.2802622320047196
06/20/2005,1.0149473191737202
06/17/2005,-0.16273018334725659
06/16/2005,-0.40323119272182545
06/15/2005,1.0693015059750337
06/14/2005,-0.21177093100617456
06/13/2005,0.008399965474219442
06/10/2005,-0.2277543303651232
06/09/2005,-0.3602929775324454
06/08/2005,0.056651688983005724
06/07/2005,0.07977780038301129
06/06/2005,0.19931680692104292
06/03/2005,0.04496602259248174
06/02/2005,-0.48925292050204466
06/01/2005,0.5825892357113095
05/31/2005,0.8250733869187307
05/27/2005,-0.10057879137769998
05/26/2005,-0.24982690180435904
05/25/2005,-0.37823778209996606
05/24/2005,0.35789812002757543
05/23/2005,1.6199986575624996
05/20/2005,-0.15983451076090188
05/19/2005,-0.21080910495950025
05/18/2005,0.5766603088739052
05/17/2005,0.37447502476918626
05/16/2005,-0.23384946092096867
05/13/2005,-0.1712825594406373
05/12/2005,-0.2204613014516024
05/11/2005,0.8088939477196012
05/10/2005,0.14610886189833558
05/09/2005,-0.18142049136864433
05/06/2005,-0.09930084773870014
05/05/2005,-0.3785262290013398
05/04/2005,-0.3203963735795773
05/03/2005,0.8203683209318693
05/02/2005,0.06511996784199119
04/29/2005,0.05613690865489426
04/28/2005,-0.1541212724140441
04/27/2005,-0.4056971626664821
04/26/2005,-0.1294346273783161
04/25/2005,-0.40250318411139663
04/22/2005,0.870513065146141
04/21/2005,0.14887745496279675
04/20/2005,0.8329265914637389
04/19/2005,0.2869571168924006
04/18/2005,-0.43421465912269
04/15/2005,0.8816742905719953
04/14/2005,-0.06148609116536354
04/13/2005,-0.10434871376071866
04/12/2005,0.35285181604750726
04/11/2005,0.05744049067808986
04/08/2005,-0.4720895928950655
04/07/2005,0.8452178861017592
04/06/2005,-0.398790111068032
04/05/2005,0.081760540793921
04/04/2005,0.3064414755604261
04/01/2005,-0.08667270144761148
03/31/2005,0.085399559063169
03/30/2005,-0.036600381702887395
03/29/2005,-0.25921534199094715
03/28/2005,1.3583173122168295
03/24/2005,-0.2352511772326294
03/23/2005,-0.13969306974481446
03/22/2005,-0.24747394065258196
03/21/2005,0.05553291646174383
03/18/2005,-0.14171656686626746
03/17/2005,0.16243743778827685
03/16/2005,-0.3181500989379702
03/15/2005,-0.06499646952620147
03/14/2005,0.3884107788815328
03/11/2005,-0.26752593952670306
03/10/2005,-0.03520141717713399
03/09/2005,0.4119202099997524
03/08/2005,-0.07168514399673558
03/07/2005,0.2794931943024804
03/04/2005,-0.10968168545652146
03/03/2005,0.04435403917814776
03/02/2005,-0.21755714981195265
03/01/2005,0.1909361401183794
02/28/2005,-0.2160855471813083
02/25/2005,-0.6136447840685423
02/24/2005,0.656252896413082
02/23/2005,0.15591242925329904
02/22/2005,0.5889593960775567
02/18/2005,-0.18517898482790288
02/17/2005,-0.3700570078702197
02/16/2005,-0.35878729800536335
02/15/2005,-0.3313974066505282
02/14/2005,1.9400992016771617
02/11/2005,-0.3090564611783476
02/10/2005,0.10547813272374941
02/09/2005,0.4957801604623816
02/08/2005,-0.11422905000019218
02/07/2005,-0.12543698066528625
02/04/2005,0.1409942700223216
02/03/2005,-0.6040143186274286
02/02/2005,0.7410329701129852
02/01/2005,0.963078504245998
01/31/2005,-0.21391877721061373
01/28/2005,0.8420898349418238
01/27/2005,-0.461534725594949
01/26/2005,0.15467656157994597
01/25/2005,-0.23986160054564057
01/24/2005,0.514594239781342
01/21/2005,0.028526999656901263
01/20/2005,-0.20040531511480242
01/19/2005,-0.14537190051391816
01/18/2005,0.36641915598340286
01/14/2005,0.4074690909090909
01/13/2005,-0.16244335071390284
01/12/2005,0.17518880418053617
01/11/2005,-0.07704352652025688
01/10/2005,-0.21974203792104421
01/07/2005,-0.06971546957351608
01/06/2005,0.26109175798921064
01/05/2005,-0.40123628910479486
01/04/2005,-0.1317980318797749
01/03/2005,1.0661409343657433
12/31/2004,0.298798596112311
12/30/2004,1.2046798854209293
12/29/2004,-0.35401622108741365
12/28/2004,-0.3208284709357837
12/27/2004,0.6887489319478515
12/23/2004,-0.07484190126478989
12/22/2004,-0.29174003738520304
12/21/2004,-0.4390860373000517
12/20/2004,0.33147643583587366
12/17/2004,-0.13842113214563795
12/16/2004,-0.25265438880662155
12/15/2004,0.03450615010018059
12/14/2004,1.3011826489682834
12/13/2004,0.11613416871473571
12/10/2004,-0.4359563431888736
12/09/2004,0.01488110964332893
12/08/2004,0.09764231650378448
12/07/2004,0.09863956415076305
12/06/2004,0.06556444836746646
12/03/2004,-0.06256812558180241
12/02/2004,-0.20386264735131848
12/01/2004,0.021316375116447572
11/30/2004,-0.27812413896166366
11/29/2004,0.6460599444986816
11/26/2004,-0.5759378545070477
11/24/2004,0.23101494406009726
11/23/2004,0.0036489588787305166
11/22/2004,0.4103940514533381
11/19/2004,-0.47266937856085883
11/18/2004,-0.08290294932090897
11/17/2004,-0.13311979805436813
11/16/2004,0.7575401176953148
11/15/2004,-0.2892948931512065
11/12/2004,0.11748750132964578
11/11/2004,0.40788199010656273
11/10/2004,-0.037980667498075306
11/09/2004,-0.01139873772666174
11/08/2004,-0.4357023016566704
11/05/2004,0.3763793246494649
11/04/2004,0.03750887688566571
11/03/2004,0.22407639117550213
11/02/2004,-0.07187068329713585
11/01/2004,-0.4223347362276267
10/29/2004,0.4253945673180159
10/28/2004,0.1115760579716631
10/27/2004,-0.4012447132068225
10/26/2004,-0.3191615519225711
10/25/2004,-0.11188600624897044
10/22/2004,1.5286702494519977
10/21/2004,0.28284845777158724
10/20/2004,0.2547112261553427
10/19/2004,0.29021484790470115
10/18/2004,0.06378324558359859
10/15/2004,0.2636083761449527
10/14/2004,-0.47171701913393754
10/13/2004,0.6944235888335267
10/12/2004,0.11395388621718718
10/11/2004,-0.053965114188095666
10/08/2004,-0.21577199427447274
10/07/2004,0.05483119993454767
10/06/2004,-0.10630674944496883
10/05/2004,0.1497638445195115
10/04/2004,-0.1389841215527055
10/01/2004,0.09935398927897102
09/30/2004,-0.5491627910010632
09/29/2004,0.802615024633438
09/28/2004,1.3958251169079947
09/27/2004,-0.22550099817818844
09/24/2004,0.06886580147153135
09/23/2004,0.12590093342610706
09/22/2004,0.04875395841938593
09/21/2004,-0.31989287587085175
09/20/2004,0.12207115388656566
09/17/2004,0.022255161006208245
09/16/2004,-0.13505327994500135
09/15/2004,-0.010698234423683171
09/14/2004,0.38052098004136375
09/13/2004,-0.09827006246996636
09/10/2004,1.141733441152687
09/09/2004,-0.18531901301605047
09/08/2004,-0.1473992374727669
09/07/2004,0.1349095966620306
09/03/2004,-0.6592058141984412
09/02/2004,0.6544393134094275
09/01/2004,0.8581721039423622
08/31/2004,-0.05366376833799364
08/30/2004,-0.1633980644747805
08/27/2004,-0.12448447100412423
08/26/2004,-0.22784631882236978
08/25/2004,-0.39737070569267025
08/24/2004,-0.16481126109427133
08/23/2004,-0.20049863137890755
08/20/2004,-0.4886976753515053
